Link,Keyword,Status,Mesto,Nasa-Cena,Cena-nad-nami,Cena-pod-nami
,,,,,,
https://www.ceneje.si/Izdelek/11055040/avto-oprema/pnevmatike/letne-pnevmatike/pnevmatika-bridgestone-t-005-15565r-14-75t-tl-t-005,gumenadom.si,Not-Available,,,,
https://www.ceneje.si/Izdelek/11186032,gumenadom.si,Available,1,"83,20 €","93,20 €","93,20 €"
https://www.ceneje.si/Izdelek/9202580/avto-oprema/pnevmatike/letne-pnevmatike/bridgestone-letna-pnevmatika-18560r15-88h-turanza-t005,gumenadom.si,Not-Available,,,,
https://www.ceneje.si/Izdelek/10934838/avto-oprema/pnevmatike/letne-pnevmatike/bridgestone-letna-pnevmatika-185-60-r14-82h-t005-turanza,gumenadom.si,Not-Available,,,,
https://www.ceneje.si/Izdelek/9176615/avto-oprema/pnevmatike/letne-pnevmatike/bridgestone-letna-pnevmatika-185-65-r15-88t-t005-turanza,gumenadom.si,Available,3,"80,23 €","80,04 €","81,00 €"
https://www.ceneje.si/Izdelek/11032279/avto-oprema/pnevmatike/letne-pnevmatike/bridgestone-turanza-t005-19555-r16-87h-levo-,gumenadom.si,Not-Available,,,,
https://www.ceneje.si/Izdelek/9176616/avto-oprema/pnevmatike/letne-pnevmatike/bridgestone-letna-pnevmatika-19560-r15-88h-t005-turanza,gumenadom.si,Not-Available,,,,
https://www.ceneje.si/Izdelek/9048164/avto-oprema/pnevmatike/letne-pnevmatike/bridgestone-letna-pnevmatika-turanza-t005-19565-r15-91h,gumenadom.si,Available,2,"76,60 €","62,27 €","76,64 €"
https://www.ceneje.si/Izdelek/22528165,gumenadom.si,Not-Available,,,,
https://www.ceneje.si/Izdelek/9175207/avto-oprema/pnevmatike/letne-pnevmatike/bridgestone-letna-pnevmatika-205-50-r17-93w-turanza-t005,gumenadom.si,Not-Available,,,,
https://www.ceneje.si/Izdelek/11055040/avto-oprema/pnevmatike/letne-pnevmatike/pnevmatika-bridgestone-t-005-15565r-14-75t-tl-t-005,gumenadom.si,Not-Available,,,,
https://www.ceneje.si/Izdelek/11186032,gumenadom.si,Available,1,"83,20 €","93,20 €","93,20 €"
https://www.ceneje.si/Izdelek/12416022/avto-oprema/pnevmatike/letne-pnevmatike/bridgestone-letna-pnevmatika-17565r15-84t-t005,gumenadom.si,Not-Available,,,,
https://www.ceneje.si/Izdelek/17042318/avto-oprema/pnevmatike/letne-pnevmatike/bridgestone-letna-pnevmatika-17565r15-84h-t005-turanza,gumenadom.si,Not-Available,,,,
https://www.ceneje.si/Izdelek/10383088/avto-oprema/pnevmatike/letne-pnevmatike/bridgestone-letna-pnevmatika-18560-hr15-tl-84h-br-t005-turanza,gumenadom.si,Not-Available,,,,
https://www.ceneje.si/Izdelek/9202580/avto-oprema/pnevmatike/letne-pnevmatike/bridgestone-letna-pnevmatika-18560r15-88h-turanza-t005,gumenadom.si,Not-Available,,,,
https://www.ceneje.si/Izdelek/10934838/avto-oprema/pnevmatike/letne-pnevmatike/bridgestone-letna-pnevmatika-185-60-r14-82h-t005-turanza,gumenadom.si,Not-Available,,,,
https://www.ceneje.si/Izdelek/9051656/avto-oprema/pnevmatike/letne-pnevmatike/bridgestone-turanza-t005-19555-r15-85h,gumenadom.si,Not-Available,,,,
https://www.ceneje.si/Izdelek/9051659,gumenadom.si,Not-Available,,,,
https://www.ceneje.si/Izdelek/9176616/avto-oprema/pnevmatike/letne-pnevmatike/bridgestone-letna-pnevmatika-19560-r15-88h-t005-turanza,gumenadom.si,Not-Available,,,,
